Built,n,prop
3.5.0,70,0.2641509433962264
3.5.1,27,0.1018867924528302
3.5.2,143,0.539622641509434
3.5.3,25,0.09433962264150944
